locus_tag	gene	product	protein_translation	start	end
-	ND1	NADH dehydrogenase subunit 1	MFFINILTLLVPILIAMAFLTLVERKILGYMQLRKGPNIVGPYGILQPFADAMKLFMKEPMRPLTTSMSLFIIAPTLSLTLALSLWVPLPMPHPLINLNLGILFILATSSLSVYSILWSGWASNSKYSLFGALRAVAQTISYEVTMAIILLSVLLMNGSYSLQTLITTQEHMWLLLPAWPMAMMWFISTLAETNRAPFDLTEGESELVSGFNVEYAAGPFALFFMAEYTNIILMNALTTIIFLGPLYYINLPELYSTNFMMEALLLSSTFLWIRASYPRFRYDQLMHLLWKNFLPLTLALCMWHISLPIFTAGVPPYM	2751	3707
-	ND2	NADH dehydrogenase subunit 2	MNPITLAIIYFTIFLGPVITMSSTNLMLMWVGLEFSLLAIIPMLINKKNPRSTEAATKYFVTQATASMIILLAIVLNYKQLGTWMFQQQTNGLILNMTLMALSMKLGLAPFHFWLPEVTQGIPLHMGLILLTWQKIAPLSILIQIYPLLNSTIILMLAITSIFMGAWGGLNQTQMRKIMAYSSIAHMGWMLAILPYNPSLTLLNLMIYIILTAPMFMALMLNNSMTINSISLLWNKTPAMLTMISLMLLSLGGLPPLTGFLPKWIIITELMKNNCLIMATLMAMMALLNLFFYTRLIYSTSLTMFPTNNNSKMMTHQTKTKPNLMFSTLAIMSTMTLPLAPQLIT	3914	4951
-	COX1	cytochrome c oxidase subunit I	MFINRWLFSTNHKDIGTLYLLFGAWAGMVGTALSILIRAELGQPGALLGDDQIYNVIVTAHAFVMIFFMVMPMMIGGFGNWLVPLMIGAPDMAFPRMNNMSFWLLPPSFLLLLASSMVEAGAGTGWTVYPPLAGNLAHAGASVDLTIFSLHLAGVSSILGAINFITTIINMKPPAMTQYQTPLFVWSVLITAVLLLLSLPVLAAGITMLLTDRNLNTTFFDPAGGGDPILYQHLFWFFGHPEVYILILPGFGIISHVVTYYSGKKEPFGYMGMVWAMMSIGFLGFIVWAHHMFTVGLDVDTRAYFTSATMIIAIPTGVKVFSWLATLHGGNIKWSPAMLWALGFIFLFTVGGLTGIVLSNSSLDIVLHDTYYVVAHFHYVLSMGAVFAIMAGFVHWFPLFSGFTLDDTWAKAHFAIMFVGVNMTFFPQHFLGLSGMPRRYSDYPDAYTTWNTVSSMGSFISLTAVLIMIFMIWEAFASKREVMSVSYASTNLEWLHGCPPPYHTFEEPTYVKVK	5328	6872
-	COX2	cytochrome c oxidase subunit II	MAYPFQLGLQDATSPIMEELMNFHDHTLMIVFLISSLVLYIISLMLTTKLTHTSTMDAQEVETIWTILPAVILIMIALPSLRILYMMDEINNPVLTVKTMGHQWYWSYEYTDYEDLCFDSYMIPTNDLKPGELRLLEVDNRVVLPMELPIRMLISSEDVLHSWAVPSLGLKTDAIPGRLNQATVTSNRPGLFYGQCSEICGSNHSFMPIVLEMVPLKYFENWSASMI	7013	7696
-	ATP8	ATP synthase F0 subunit 8	MPQLDTSTWFITIISSMITLFILFQLKVSSQTFPLAPSPKSLTTMKVKTPWELKWTKIYLPHSLPQQ	7766	7969
-	ATP6	ATP synthase F0 subunit 6	MNENLFASFITPTMMGFPIVVAIIMFPSILFPSSKRLINNRLHSFQHWLVKLIIKQMMLIHTPKGRTWTLMIVSLIMFIGSTNLLGLLPHTFTPTTQLSMNLSMAIPLWAGAVITGFRHKLKSSLAHFLPQGTPISLIPMLIIIETISLFIQPMALAVRLTANITAGHLLMHLIGGATLVLMNISPPTATITFIILLLLTILEFAVALIQAYVFTLLVSLYLHDNT	7927	8607
-	COX3	cytochrome c oxidase subunit III	MTHQTHAYHMVNPSPWPLTGAFSALLLTSGLVMWFHYNSITLLTLGLLTNILTMYQWWRDVIREGTYQGHHTPIVQKGLRYGMILFIVSEVFFFAGFFWAFYHSSLVPTHDLGGCWPPTGISPLNPLEVPLLNTSVLLASGVSITWAHHSLMEGKRNHMNQALLITIMLGLYFTILQASEYFETSFSISDGIYGSTFFMATGFHGLHVIIGSTFLIVCLLRQLKFHFTSKHHFGFEAAAWYWHFVDVVWLFLYVSIYWWGS	8607	9390
-	ND3	NADH dehydrogenase subunit 3	MNLYTVIFINILLSLTLILVAFWLPQMNLYSEKANPYECGFDPTSSARLPFSMKFFLVAITFLLFDLEIALLLPLPWAIQTIKTSTMMIMAFILVTILSLGLAYEWTQKGLEWTE	9459	9806
-	ND4L	NADH dehydrogenase subunit 4L	MPSTFFNLTMAFSLSLLGTLMFRSHLMSTLLCLEGMVLSLFIMTSVTSLNSNSMSSMPIPITILVFAACEAAVGLALLVKVSNTYGTDYVQNLNLLQC	9877	10173
-	ND4	NADH dehydrogenase subunit 4	MLKIILPSLMLLPLTWLSSPKKTWTNVTSYSFLISLTSLTLLWQTDENYKNFSNMFSSDPLSTPLIILTAWLLPLMLMASQNHLKKDNNVLQKLYISMLISLQILLIMTFSATELIMFYILFEATLIPTLIIITRWGNQTERLNAGIYFLFYTLIGSIPLLIALILIQNHVGTLNLMILSFTTHTLDASWSNNLLWLACMMAFLIKMPLYGVHLWLPKAHVEAPIAGSMILAAILLKLGSYGMIRISIILDPLTKYMAYPFILLSLWGMIMTSSICLRQTDLKSLIAYSSVSHMALVIASIMIQTPWSFMGATMLMIAHGLTSSLLFCLANSNYERIHSRTMIMARGLQMVFPLMATWWLMASLANLALPPSINLMGELFITMSLFSWSNFTIILMGINIIITGMYSMYMIITTQRGKLTNHMINLQPSHTRELTLMALHMIPLILLTTSPKLITGLTM	10167	11544
-	ND5	NADH dehydrogenase subunit 5	MNIFTTSILLIFILLLSPILISMSNLIKHINFPLYTTTSIKFSFIISLLPLLMFFHNNMEYMITTWHWVTMNSMELKMSFKTDFFSILFTSVALFVTWSIMQFSSWYMHSDPNINRFIKYLTLFLITMLILTSANNMFQLFIGWEGVGIMSFLLIGWWYGRTDANTAALQAILYNRIGDIGFILAMVWFSLNMNSWELQQIMFSNNNDNLIPLMGLLIAATGKSAQFGLHPWLPSAMEGPTPVSALLHSSTMVVAGIFLLVRFHPLTTNNNFILTTMLCLGALTTLFTAICALTQNDIKKIIAFSTSSQLGLMMVTLGMNQPHLAFLHICTHAFFKAMLFMCSGSIIHSLADEQDIRKMGNITKIMPFTSSCLVIGSLALTGMPFLTGFYSKDLIIEAINTCNTNAWALLITLIATSMTAMYSMRIIYFVTMTKPRFPPLISINENDPDLMNPIKRLAFGSIFAGFVISYNIPPTSIPVLTMPWFLKTTALIISVLGFLIALELNNLTMKLSMNKANPYSSFSTLLGFFPSIIHRITPMKSLNLSLKTSLTLLDLIWLEKTIPKSTSTLHTNMTTLTTNQKGLIKLYFMSFLINIILIIILYSINLE	11742	13565
-	ND6	NADH dehydrogenase subunit 6	MNNYIFVLSSLFLVGCLGLALKPSPIYGGLGLIVSGFVGCLMVLGFGGSFLGLMVFLIYLGGMLVVFGYTTAMATEEYPETWGSNWLILGFLVLGVIMEVFLICVLNYYDEVGVINLDGLGDWLMYEVDDVGVMLEGGIGVAAMYSCATWMMVVAGWSLFAGIFIIIEITRD	13552	14070
-	CYTB	cytochrome b	MTNMRKTHPLFKIINHSFIDLPAPSNISSWWNFGSLLGVCLMVQIITGLFLAMHYTSDTMTAFSSVTHICRDVNYGWLIRYMHANGASMFFICLFLHVGRGLYYGSYTFMETWNIGVLLLFAVMATAFMGYVLPWGQMSFWGATVITNLLSAIPYIGTTLVEWIWGGFSVDKATLTRFFAFHFILPFIIAALAIVHLLFLHETGSNNPTGLNSDADKIPFHPYYTIKDILGILIMFLILMTLVLFFPDMLGDPDNYMPANPLNTPPHIKPEWYFLFAYAILRSIPNKLGGVLALILSILILALMPFLHTSKQRSLMFRPITQILYWILVANLLILTWIGGQPVEHPFIIIGQLASISYFSIILILMPISGIIEDKMLKLYP	14145	15288
